<?xml version="1.0" encoding="UTF-8"?>
<project-private xmlns="http://www.netbeans.org/ns/project-private/1">
    <editor-bookmarks xmlns="http://www.netbeans.org/ns/editor-bookmarks/2" lastBookmarkId="0"/>
    <open-files xmlns="http://www.netbeans.org/ns/projectui-open-files/2">
        <group>
            <file>file:/C:/xampp7.2.19/htdocs/istok-admin/application/models/Model_list_suggest.php</file>
            <file>file:/C:/xampp7.2.19/htdocs/istok-admin/application/controllers/Home.php</file>
            <file>file:/C:/xampp7.2.19/htdocs/istok-admin/application/views/header.php</file>
            <file>file:/C:/xampp7.2.19/htdocs/istok-admin/application/controllers/List_suggest.php</file>
            <file>file:/C:/xampp7.2.19/htdocs/istok-admin/application/views/footer.php</file>
            <file>file:/C:/xampp7.2.19/htdocs/istok-admin/application/views/list_suggest.php</file>
        </group>
    </open-files>
</project-private>
